id;code_name;full_name;country_code;logo
75986;LUS;FC Lusitans;AND;https://img.uefa.com/imgml/TP/teams/logos/70x70/75986.png
93260;ULI;Ulisses FC;ARM;https://img.uefa.com/imgml/TP/teams/logos/70x70/93260.png
79968;KAR;FC Shakhter Karagandy;KAZ;https://img.uefa.com/imgml/TP/teams/logos/70x70/79968.png
2600291;HAP;Hapoel Kiryat Shmona FC;ISR;https://img.uefa.com/imgml/TP/teams/logos/70x70/2600291.png
2603104;LUD;PFC Ludogorets 1945;BUL;https://img.uefa.com/imgml/TP/teams/logos/70x70/2603104.png
53035;MOT;Motherwell FC;SCO;https://img.uefa.com/imgml/TP/teams/logos/70x70/53035.png
74069;MAL;Málaga CF;ESP;https://img.uefa.com/imgml/TP/teams/logos/70x70/74069.png
50128;MON;Montpellier Hérault SC;FRA;https://img.uefa.com/imgml/TP/teams/logos/70x70/50128.png
79940;NRS;FC Nordsjælland;DEN;https://img.uefa.com/imgml/TP/teams/logos/70x70/79940.png
73936;SUT;FK Sutjeska;MNE;https://img.uefa.com/imgml/TP/teams/logos/70x70/73936.png
7607;FOL;CS Fola Esch;LUX;https://img.uefa.com/imgml/TP/teams/logos/70x70/7607.png
2600371;KAL;Nõmme Kalju FC;EST;https://img.uefa.com/imgml/TP/teams/logos/70x70/2600371.png
87914;DAU;FC Daugava Daugavpils;LVA;https://img.uefa.com/imgml/TP/teams/logos/70x70/87914.png
50102;MET;FC Metalist Kharkiv;UKR;https://img.uefa.com/imgml/TP/teams/logos/70x70/50102.png
89675;ZUL;SV Zulte Waregem;BEL;https://img.uefa.com/imgml/TP/teams/logos/70x70/89675.png
75817;PAÇ;FC Paços de Ferreira;POR;https://img.uefa.com/imgml/TP/teams/logos/70x70/75817.png
77866;URA;FC Urartu;ARM;https://img.uefa.com/imgml/TP/teams/logos/70x70/77866.png
64508;LAF;La Fiorita 1967;SMR;https://img.uefa.com/imgml/TP/teams/logos/70x70/64508.png
2605572;LRI;Lincoln Red Imps FC;GIB;https://img.uefa.com/imgml/TP/teams/logos/70x70/2605572.png
60609;QRB;Qarabağ FK;AZE;https://img.uefa.com/imgml/TP/teams/logos/70x70/60609.png
64507;FOL;SS Folgore;SMR;https://img.uefa.com/imgml/TP/teams/logos/70x70/64507.png
75795;MID;FC Midtjylland;DEN;https://img.uefa.com/imgml/TP/teams/logos/70x70/75795.png
2600714;;FC Milsami Orhei;MDA;https://img.uefa.com/imgml/TP/teams/logos/70x70/2600714.png
2600605;AST;FC Astana;KAZ;https://img.uefa.com/imgml/TP/teams/logos/70x70/2600605.png
64315;TRE;AS Trenčín;SVK;https://img.uefa.com/imgml/TP/teams/logos/70x70/64315.png
64467;DIL;FC Dila Gori;GEO;https://img.uefa.com/imgml/TP/teams/logos/70x70/64467.png
52308;STJ;Stjarnan;ISL;https://img.uefa.com/imgml/TP/teams/logos/70x70/52308.png
2605268;ALA;Alashkert FC;ARM;https://img.uefa.com/imgml/TP/teams/logos/70x70/2605268.png
59340;HAP;Hapoel Beer-Sheva FC;ISR;https://img.uefa.com/imgml/TP/teams/logos/70x70/59340.png
2602520;SJK;SJK Seinäjoki;FIN;https://img.uefa.com/imgml/TP/teams/logos/70x70/2602520.png
2606320;LIE;FK Liepāja;LVA;https://img.uefa.com/imgml/TP/teams/logos/70x70/2606320.png
2600103;TGD;OFK Titograd;MNE;https://img.uefa.com/imgml/TP/teams/logos/70x70/2600103.png
64500;ROS;FC Rostov;RUS;https://img.uefa.com/imgml/TP/teams/logos/70x70/64500.png
69611;AST;FC Astra Giurgiu;ROU;https://img.uefa.com/imgml/TP/teams/logos/70x70/69611.png
53577;LEI;Leicester City FC;ENG;https://img.uefa.com/imgml/TP/teams/logos/70x70/53577.png
2608283;TRE;KF Trepça’89;KOS;https://img.uefa.com/imgml/TP/teams/logos/70x70/2608283.png
2605474;FCI;FCI Tallinn;EST;https://img.uefa.com/imgml/TP/teams/logos/70x70/2605474.png
2606416;CEU;Europa FC;GIB;https://img.uefa.com/imgml/TP/teams/logos/70x70/2606416.png
59884;SAM;FC Samtredia;GEO;https://img.uefa.com/imgml/TP/teams/logos/70x70/59884.png
2602918;SPA;FK Spartaks Jūrmala;LVA;https://img.uefa.com/imgml/TP/teams/logos/70x70/2602918.png
2604186;KUK;FK Kukësi;ALB;https://img.uefa.com/imgml/TP/teams/logos/70x70/2604186.png
89248;MAR;IFK Mariehamn;FIN;https://img.uefa.com/imgml/TP/teams/logos/70x70/89248.png
2604753;VII;FC Viitorul;ROU;https://img.uefa.com/imgml/TP/teams/logos/70x70/2604753.png
2600288;BFK;İstanbul Başakşehir;TUR;https://img.uefa.com/imgml/TP/teams/logos/70x70/2600288.png
2600431;HOF;TSG 1899 Hoffenheim;GER;https://img.uefa.com/imgml/TP/teams/logos/70x70/2600431.png
2603790;RBL;RB Leipzig;GER;https://img.uefa.com/imgml/TP/teams/logos/70x70/2603790.png
2608290;DRI;FC Drita;KOS;https://img.uefa.com/imgml/TP/teams/logos/70x70/2608290.png
79557;SUD;FK Sūduva;LTU;https://img.uefa.com/imgml/TP/teams/logos/70x70/79557.png
2608281;FER;KF Feronikeli;KOS;https://img.uefa.com/imgml/TP/teams/logos/70x70/2608281.png
2610304;ARA;Ararat-Armenia FC;ARM;https://img.uefa.com/imgml/TP/teams/logos/70x70/2610304.png
2605905;SAB;FC Saburtalo;GEO;https://img.uefa.com/imgml/TP/teams/logos/70x70/2605905.png
2600545;PIA;Piast Gliwice;POL;https://img.uefa.com/imgml/TP/teams/logos/70x70/2600545.png
2607924;RIG;Riga FC;LVA;https://img.uefa.com/imgml/TP/teams/logos/70x70/2607924.png
2601038;KRA;FC Krasnodar;RUS;https://img.uefa.com/imgml/TP/teams/logos/70x70/2601038.png
52816;ATA;Atalanta BC;ITA;https://img.uefa.com/imgml/TP/teams/logos/70x70/52816.png
63401;INT;Inter Club d'Escaldes;AND;https://img.uefa.com/imgml/TP/teams/logos/70x70/63401.png
64374;BRE;FC Dinamo Brest;BLR;https://img.uefa.com/imgml/TP/teams/logos/70x70/64374.png
59030;CJE;NK Celje;SVN;https://img.uefa.com/imgml/TP/teams/logos/70x70/59030.png
64275;CON;Connah's Quay Nomads FC;WAL;https://img.uefa.com/imgml/TP/teams/logos/70x70/64275.png
2600783;LOK;NK Lokomotiva Zagreb;CRO;https://img.uefa.com/imgml/TP/teams/logos/70x70/2600783.png
55031;REN;Stade Rennais FC;FRA;https://img.uefa.com/imgml/TP/teams/logos/70x70/55031.png
2608287;PRI;FC Prishtina;KOS;https://img.uefa.com/imgml/TP/teams/logos/70x70/2608287.png
2607561;MUR;NŠ Mura;SVN;https://img.uefa.com/imgml/TP/teams/logos/70x70/2607561.png
59333;BOD;FK Bodø/Glimt;NOR;https://img.uefa.com/imgml/TP/teams/logos/70x70/59333.png
59316;TEU;KF Teuta;ALB;https://img.uefa.com/imgml/TP/teams/logos/70x70/59316.png
2600381;;Winner Semi-final 2;;https://img.uefa.com/imgml/TP/teams/logos/70x70/2600381.png
2600380;;Winner Semi-final 1;;https://img.uefa.com/imgml/TP/teams/logos/70x70/2600380.png
52319;VIK;Viking FK;NOR;https://img.uefa.com/imgml/TP/teams/logos/70x70/52319.png
64257;ÅTV;Åtvidabergs FF;SWE;https://img.uefa.com/imgml/TP/teams/logos/70x70/64257.png
50043;BRU;Club Brugge;BEL;https://img.uefa.com/imgml/TP/teams/logos/70x70/50043.png
69771;COR;Cork Celtic FC;IRL;https://img.uefa.com/imgml/TP/teams/logos/70x70/69771.png
52338;CRA;FC Universitatea Craiova;ROU;https://img.uefa.com/imgml/TP/teams/logos/70x70/52338.png
59318;ARA;FC Ararat;ARM;https://img.uefa.com/imgml/TP/teams/logos/70x70/59318.png
64119;LIN;FC Linz;AUT;https://img.uefa.com/imgml/TP/teams/logos/70x70/64119.png
52377;COL;Coleraine FC;NIR;https://img.uefa.com/imgml/TP/teams/logos/70x70/52377.png
60520;MOL;FC Molenbeek Brussels Strombeek;BEL;https://img.uefa.com/imgml/TP/teams/logos/70x70/60520.png
52375;BOH;Bohemian FC;IRL;https://img.uefa.com/imgml/TP/teams/logos/70x70/52375.png
64145;KØG;HB Køge;DEN;https://img.uefa.com/imgml/TP/teams/logos/70x70/64145.png
50130;PAO;PAOK FC;GRE;https://img.uefa.com/imgml/TP/teams/logos/70x70/50130.png
51886;BNK;FC Baník Ostrava;CZE;https://img.uefa.com/imgml/TP/teams/logos/70x70/51886.png
59025;HB;HB Tórshavn;FRO;https://img.uefa.com/imgml/TP/teams/logos/70x70/59025.png
68224;DNE;FC Dnepr Mogilev;BLR;https://img.uefa.com/imgml/TP/teams/logos/70x70/68224.png
50142;MOL;Molde FK;NOR;https://img.uefa.com/imgml/TP/teams/logos/70x70/50142.png
60573;HAP;Hapoel Haifa FC;ISR;https://img.uefa.com/imgml/TP/teams/logos/70x70/60573.png
61582;GNK;KRC Genk;BEL;https://img.uefa.com/imgml/TP/teams/logos/70x70/61582.png
52356;RIJ;HNK Rijeka;CRO;https://img.uefa.com/imgml/TP/teams/logos/70x70/52356.png
5312;LYO;Olympique Lyonnais;FRA;https://img.uefa.com/imgml/TP/teams/logos/70x70/5312.png
64387;TEP;FK Teplice;CZE;https://img.uefa.com/imgml/TP/teams/logos/70x70/64387.png
53044;MAL;RCD Mallorca;ESP;https://img.uefa.com/imgml/TP/teams/logos/70x70/53044.png
52819;BOA;Boavista FC;POR;https://img.uefa.com/imgml/TP/teams/logos/70x70/52819.png
5451;HER;Hertha BSC Berlin;GER;https://img.uefa.com/imgml/TP/teams/logos/70x70/5451.png
52914;CHE;Chelsea FC;ENG;https://img.uefa.com/imgml/TP/teams/logos/70x70/52914.png
52973;LAZ;SS Lazio;ITA;https://img.uefa.com/imgml/TP/teams/logos/70x70/52973.png
52987;WIL;Willem II;NED;https://img.uefa.com/imgml/TP/teams/logos/70x70/52987.png
59877;SHI;FC Shirak;ARM;https://img.uefa.com/imgml/TP/teams/logos/70x70/59877.png
66168;BTE;FC BATE Borisov;BLR;https://img.uefa.com/imgml/TP/teams/logos/70x70/66168.png
64370;SAM;FK Shamkir;AZE;https://img.uefa.com/imgml/TP/teams/logos/70x70/64370.png
60577;KAU;FBK Kaunas;LTU;https://img.uefa.com/imgml/TP/teams/logos/70x70/60577.png
75759;BRO;NK Brotnjo;BIH;https://img.uefa.com/imgml/TP/teams/logos/70x70/75759.png
62171;BIR;Birkirkara FC;MLT;https://img.uefa.com/imgml/TP/teams/logos/70x70/62171.png
60457;TNS;The New Saints FC;WAL;https://img.uefa.com/imgml/TP/teams/logos/70x70/60457.png
60501;MAA;FC Levadia Maardu;EST;https://img.uefa.com/imgml/TP/teams/logos/70x70/60501.png
52707;SHK;FC Shakhtar Donetsk;UKR;https://img.uefa.com/imgml/TP/teams/logos/70x70/52707.png
60401;HEL;Helsingborgs IF;SWE;https://img.uefa.com/imgml/TP/teams/logos/70x70/60401.png
58955;POL;KSP Polonia Warszawa;POL;https://img.uefa.com/imgml/TP/teams/logos/70x70/58955.png
64471;KUT;FC Torpedo Kutaisi;GEO;https://img.uefa.com/imgml/TP/teams/logos/70x70/64471.png
69169;DUN;Dunaferr SE;HUN;https://img.uefa.com/imgml/TP/teams/logos/70x70/69169.png
59869;HTA;Hapoel Tel-Aviv FC;ISR;https://img.uefa.com/imgml/TP/teams/logos/70x70/59869.png
53065;LMO;FC Lokomotiv Moskva;RUS;https://img.uefa.com/imgml/TP/teams/logos/70x70/53065.png
52911;HER;Herfølge BK;DEN;https://img.uefa.com/imgml/TP/teams/logos/70x70/52911.png
51151;STG;FC St. Gallen;SUI;https://img.uefa.com/imgml/TP/teams/logos/70x70/51151.png
59862;HVN;sc Heerenveen;NED;https://img.uefa.com/imgml/TP/teams/logos/70x70/59862.png
59044;DEP;Real Club Deportivo La Coruña;ESP;https://img.uefa.com/imgml/TP/teams/logos/70x70/59044.png
69606;SHE;FC Sheriff Tiraspol;MDA;https://img.uefa.com/imgml/TP/teams/logos/70x70/69606.png
64151;SUD;FC Suduroy;FRO;https://img.uefa.com/imgml/TP/teams/logos/70x70/64151.png
8538;LUG;FC Lugano;SUI;https://img.uefa.com/imgml/TP/teams/logos/70x70/8538.png
52770;BRA;SK Brann;NOR;https://img.uefa.com/imgml/TP/teams/logos/70x70/52770.png
75797;LIL;LOSC Lille;FRA;https://img.uefa.com/imgml/TP/teams/logos/70x70/75797.png
77431;PYU;FC Pyunik;ARM;https://img.uefa.com/imgml/TP/teams/logos/70x70/77431.png
79963;A64;FC Astana 64;KAZ;https://img.uefa.com/imgml/TP/teams/logos/70x70/79963.png
62131;BEL;FC Belshina Bobruisk;BLR;https://img.uefa.com/imgml/TP/teams/logos/70x70/62131.png
61601;ZIL;MŠK Žilina;SVK;https://img.uefa.com/imgml/TP/teams/logos/70x70/61601.png
52343;HAM;Hammarby Fotboll;SWE;https://img.uefa.com/imgml/TP/teams/logos/70x70/52343.png
51152;GRA;Grazer AK;AUT;https://img.uefa.com/imgml/TP/teams/logos/70x70/51152.png
64182;ZTE;Zalaegerszegi TE;HUN;https://img.uefa.com/imgml/TP/teams/logos/70x70/64182.png
57468;ZAG;NK Zagreb;CRO;https://img.uefa.com/imgml/TP/teams/logos/70x70/57468.png
64385;LIB;FC Slovan Liberec;CZE;https://img.uefa.com/imgml/TP/teams/logos/70x70/64385.png
79964;IRT;FC Irtysh Pavlodar;KAZ;https://img.uefa.com/imgml/TP/teams/logos/70x70/79964.png
52976;GRE;CS Grevenmacher;LUX;https://img.uefa.com/imgml/TP/teams/logos/70x70/52976.png
77877;LEO;FK Leotar;BIH;https://img.uefa.com/imgml/TP/teams/logos/70x70/77877.png
53043;CEL;RC Celta de Vigo;ESP;https://img.uefa.com/imgml/TP/teams/logos/70x70/53043.png
62170;POB;FK Pobeda;MKD;https://img.uefa.com/imgml/TP/teams/logos/70x70/62170.png
73387;ŠIR;NK Široki Brijeg;BIH;https://img.uefa.com/imgml/TP/teams/logos/70x70/73387.png
64330;WIT;FC WIT Georgia;GEO;https://img.uefa.com/imgml/TP/teams/logos/70x70/64330.png
66169;GOM;FC Gomel;BLR;https://img.uefa.com/imgml/TP/teams/logos/70x70/66169.png
53076;RHY;Rhyl FC;WAL;https://img.uefa.com/imgml/TP/teams/logos/70x70/53076.png
60403;GOR;ND Gorica;SVN;https://img.uefa.com/imgml/TP/teams/logos/70x70/60403.png
52369;LOK;PFC Lokomotiv Plovdiv 1926;BUL;https://img.uefa.com/imgml/TP/teams/logos/70x70/52369.png
79970;KAI;FC Kairat Almaty;KAZ;https://img.uefa.com/imgml/TP/teams/logos/70x70/79970.png
64519;PET;FC Petržalka;SVK;https://img.uefa.com/imgml/TP/teams/logos/70x70/64519.png
59329;HAF;FH Hafnarfjördur;ISL;https://img.uefa.com/imgml/TP/teams/logos/70x70/59329.png
77482;LT;FC Levadia Tallinn;EST;https://img.uefa.com/imgml/TP/teams/logos/70x70/77482.png
69601;RAB;FK Rabotnicki;MKD;https://img.uefa.com/imgml/TP/teams/logos/70x70/69601.png
73390;ZRI;HŠK Zrinjski;BIH;https://img.uefa.com/imgml/TP/teams/logos/70x70/73390.png
80409;THU;FC Thun;SUI;https://img.uefa.com/imgml/TP/teams/logos/70x70/80409.png
52958;DEB;Debreceni VSC;HUN;https://img.uefa.com/imgml/TP/teams/logos/70x70/52958.png
70691;VIL;Villarreal CF;ESP;https://img.uefa.com/imgml/TP/teams/logos/70x70/70691.png
52731;TRA;Trabzonspor AŞ;TUR;https://img.uefa.com/imgml/TP/teams/logos/70x70/52731.png
50029;TOR;Torino FC;ITA;https://img.uefa.com/imgml/TP/teams/logos/70x70/50029.png
52655;SLA;WKS Śląsk Wrocław;POL;https://img.uefa.com/imgml/TP/teams/logos/70x70/52655.png
52660;SLI;Sligo Rovers FC;IRL;https://img.uefa.com/imgml/TP/teams/logos/70x70/52660.png
52314;LIL;Lillestrøm SK;NOR;https://img.uefa.com/imgml/TP/teams/logos/70x70/52314.png
53048;HAL;Halmstads BK;SWE;https://img.uefa.com/imgml/TP/teams/logos/70x70/53048.png
59041;BRN;FC Zbrojovka Brno;CZE;https://img.uefa.com/imgml/TP/teams/logos/70x70/59041.png
52878;VLL;KF Vllaznia;ALB;https://img.uefa.com/imgml/TP/teams/logos/70x70/52878.png
52651;WIS;Wisła Kraków;POL;https://img.uefa.com/imgml/TP/teams/logos/70x70/52651.png
52233;OB;Odense BK;DEN;https://img.uefa.com/imgml/TP/teams/logos/70x70/52233.png
52681;NOT;Nottingham Forest FC;ENG;https://img.uefa.com/imgml/TP/teams/logos/70x70/52681.png
52311;PRO;FC Progrès Niederkorn;LUX;https://img.uefa.com/imgml/TP/teams/logos/70x70/52311.png
52998;STA;IK Start;NOR;https://img.uefa.com/imgml/TP/teams/logos/70x70/52998.png
59857;STR;Racing Club de Strasbourg Alsace;FRA;https://img.uefa.com/imgml/TP/teams/logos/70x70/59857.png
50039;BER;Berliner FC Dynamo;GER;https://img.uefa.com/imgml/TP/teams/logos/70x70/50039.png
52309;DIF;FC Differdange 03;LUX;https://img.uefa.com/imgml/TP/teams/logos/70x70/52309.png
52764;BEV;KSK Beveren;BEL;https://img.uefa.com/imgml/TP/teams/logos/70x70/52764.png
52705;DIN;FC Dinamo Tbilisi;GEO;https://img.uefa.com/imgml/TP/teams/logos/70x70/52705.png
64223;SZO;Szombierki Bytom;POL;https://img.uefa.com/imgml/TP/teams/logos/70x70/64223.png
52928;OUL;AC Oulu;FIN;https://img.uefa.com/imgml/TP/teams/logos/70x70/52928.png
52720;ÍBV;ÍBV Vestmannaeyjar;ISL;https://img.uefa.com/imgml/TP/teams/logos/70x70/52720.png
50122;ABE;Aberdeen FC;SCO;https://img.uefa.com/imgml/TP/teams/logos/70x70/50122.png
52752;WID;RTS Widzew Łódź;POL;https://img.uefa.com/imgml/TP/teams/logos/70x70/52752.png
50123;RSO;Real Sociedad de Fútbol;ESP;https://img.uefa.com/imgml/TP/teams/logos/70x70/50123.png
52373;ATH;Athlone Town AFC;IRL;https://img.uefa.com/imgml/TP/teams/logos/70x70/52373.png
52327;AZ;AZ Alkmaar;NED;https://img.uefa.com/imgml/TP/teams/logos/70x70/52327.png
52683;AV;Aston Villa FC;ENG;https://img.uefa.com/imgml/TP/teams/logos/70x70/52683.png
52697;VIK;Víkingur Reykjavík;ISL;https://img.uefa.com/imgml/TP/teams/logos/70x70/52697.png
52662;BOH;Bohemians Praha 1905;CZE;https://img.uefa.com/imgml/TP/teams/logos/70x70/52662.png
50137;ROM;AS Roma;ITA;https://img.uefa.com/imgml/TP/teams/logos/70x70/50137.png
50082;LAH;FC Lahti;FIN;https://img.uefa.com/imgml/TP/teams/logos/70x70/50082.png
50060;HAM;Hamrun Spartans FC;MLT;https://img.uefa.com/imgml/TP/teams/logos/70x70/50060.png
50079;DUN;Dundee United FC;SCO;https://img.uefa.com/imgml/TP/teams/logos/70x70/50079.png
50161;MIN;FC Dinamo Minsk;BLR;https://img.uefa.com/imgml/TP/teams/logos/70x70/50161.png
64227;LEC;KKS Lech Poznań;POL;https://img.uefa.com/imgml/TP/teams/logos/70x70/64227.png
50158;DNI;FC Dnipro;UKR;https://img.uefa.com/imgml/TP/teams/logos/70x70/50158.png
50048;ELB;KF Elbasani;ALB;https://img.uefa.com/imgml/TP/teams/logos/70x70/50048.png
50020;LYN;Lyngby BK;DEN;https://img.uefa.com/imgml/TP/teams/logos/70x70/50020.png
50107;STU;VfB Stuttgart;GER;https://img.uefa.com/imgml/TP/teams/logos/70x70/50107.png
52349;TAM;Tampere United;FIN;https://img.uefa.com/imgml/TP/teams/logos/70x70/52349.png
50127;BOR;FC Girondins de Bordeaux;FRA;https://img.uefa.com/imgml/TP/teams/logos/70x70/50127.png
52732;RAB;Rabat Ajax FC;MLT;https://img.uefa.com/imgml/TP/teams/logos/70x70/52732.png
52826;ZEN;FC Zenit;RUS;https://img.uefa.com/imgml/TP/teams/logos/70x70/52826.png
52301;VER;Hellas Verona FC;ITA;https://img.uefa.com/imgml/TP/teams/logos/70x70/52301.png
52887;BER;FC Beroe 2000 Kazanlak;BUL;https://img.uefa.com/imgml/TP/teams/logos/70x70/52887.png
50021;BRO;Brøndby IF;DEN;https://img.uefa.com/imgml/TP/teams/logos/70x70/50021.png
52823;ÖRG;Örgryte IS;SWE;https://img.uefa.com/imgml/TP/teams/logos/70x70/52823.png
52747;PAR;Paris Saint-Germain;FRA;https://img.uefa.com/imgml/TP/teams/logos/70x70/52747.png
52906;KAR;MFK Karviná;CZE;https://img.uefa.com/imgml/TP/teams/logos/70x70/52906.png
50003;XAM;Neuchâtel Xamax FC;SUI;https://img.uefa.com/imgml/TP/teams/logos/70x70/50003.png
50136;NAP;SSC Napoli;ITA;https://img.uefa.com/imgml/TP/teams/logos/70x70/50136.png
53080;VAR;FK Vardar;MKD;https://img.uefa.com/imgml/TP/teams/logos/70x70/53080.png
50053;LAR;AE Larissa FC;GRE;https://img.uefa.com/imgml/TP/teams/logos/70x70/50053.png
50045;PEZ;Pezoporikos FC;CYP;https://img.uefa.com/imgml/TP/teams/logos/70x70/50045.png
50044;LS;PFC Levski Sofia;BUL;https://img.uefa.com/imgml/TP/teams/logos/70x70/50044.png
63405;LAS;LASK;AUT;https://img.uefa.com/imgml/TP/teams/logos/70x70/63405.png
4251;LAU;FC Lausanne-Sport;SUI;https://img.uefa.com/imgml/TP/teams/logos/70x70/4251.png
50033;SPP;AC Sparta Praha;CZE;https://img.uefa.com/imgml/TP/teams/logos/70x70/50033.png
50052;HJK;HJK Helsinki;FIN;https://img.uefa.com/imgml/TP/teams/logos/70x70/50052.png
52693;NAN;FC Nantes;FRA;https://img.uefa.com/imgml/TP/teams/logos/70x70/52693.png
75183;DUD;CS Stade Dudelange;LUX;https://img.uefa.com/imgml/TP/teams/logos/70x70/75183.png
50118;APO;APOEL FC;CYP;https://img.uefa.com/imgml/TP/teams/logos/70x70/50118.png
50040;BRM;SV Werder Bremen;GER;https://img.uefa.com/imgml/TP/teams/logos/70x70/50040.png
54188;WAT;Waterford United FC;IRL;https://img.uefa.com/imgml/TP/teams/logos/70x70/54188.png
52795;ADM;SK Admira Wacker Wien;AUT;https://img.uefa.com/imgml/TP/teams/logos/70x70/52795.png
52810;VOJ;FK Vojvodina;SRB;https://img.uefa.com/imgml/TP/teams/logos/70x70/52810.png
52318;VÅL;Vålerenga Fotball Elite;NOR;https://img.uefa.com/imgml/TP/teams/logos/70x70/52318.png
60571;MUN;TSV 1860 München;GER;https://img.uefa.com/imgml/TP/teams/logos/70x70/60571.png
50077;OMO;Omonoia FC;CYP;https://img.uefa.com/imgml/TP/teams/logos/70x70/50077.png
50050;CEL;Celtic FC;SCO;https://img.uefa.com/imgml/TP/teams/logos/70x70/50050.png
50160;TOR;FC Torpedo Moskva;RUS;https://img.uefa.com/imgml/TP/teams/logos/70x70/50160.png
65172;BRA;TSV Eintracht Braunschweig;GER;https://img.uefa.com/imgml/TP/teams/logos/70x70/65172.png
52792;DIN;FK Dinamo Tirana;ALB;https://img.uefa.com/imgml/TP/teams/logos/70x70/52792.png
50057;VAL;Valur;ISL;https://img.uefa.com/imgml/TP/teams/logos/70x70/50057.png
64217;SKE;Skeid FK;NOR;https://img.uefa.com/imgml/TP/teams/logos/70x70/64217.png
52723;DKV;FC Dynamo Kyiv;UKR;https://img.uefa.com/imgml/TP/teams/logos/70x70/52723.png
52902;NIC;Olympiakos Nicosia FC;CYP;https://img.uefa.com/imgml/TP/teams/logos/70x70/52902.png
64378;SAR;FK Sarajevo;BIH;https://img.uefa.com/imgml/TP/teams/logos/70x70/64378.png
59856;BSL;FC Basel 1893;SUI;https://img.uefa.com/imgml/TP/teams/logos/70x70/59856.png
64142;HVI;Hvidovre IF;DEN;https://img.uefa.com/imgml/TP/teams/logos/70x70/64142.png
52794;CHE;Chemnitzer FC;GER;https://img.uefa.com/imgml/TP/teams/logos/70x70/52794.png
57466;BOT;PFC Botev Plovdiv;BUL;https://img.uefa.com/imgml/TP/teams/logos/70x70/57466.png
59039;RAP;FC Rapid Bucureşti;ROU;https://img.uefa.com/imgml/TP/teams/logos/70x70/59039.png
52919;MCI;Manchester City FC;ENG;https://img.uefa.com/imgml/TP/teams/logos/70x70/52919.png
52904;TRN;FC Spartak Trnava;SVK;https://img.uefa.com/imgml/TP/teams/logos/70x70/52904.png
52806;RBK;Rosenborg BK;NOR;https://img.uefa.com/imgml/TP/teams/logos/70x70/52806.png
64137;AB;Akademisk Boldklub;DEN;https://img.uefa.com/imgml/TP/teams/logos/70x70/64137.png
52807;RUC;Ruch Chorzów;POL;https://img.uefa.com/imgml/TP/teams/logos/70x70/52807.png
52800;AEL;AEL Limassol FC;CYP;https://img.uefa.com/imgml/TP/teams/logos/70x70/52800.png
50126;TPS;TPS Turku;FIN;https://img.uefa.com/imgml/TP/teams/logos/70x70/50126.png
50090;AVE;FC Avenir Beggen;LUX;https://img.uefa.com/imgml/TP/teams/logos/70x70/50090.png
64241;ARA;FCM UTA Arad;ROU;https://img.uefa.com/imgml/TP/teams/logos/70x70/64241.png
50037;BAY;FC Bayern München;GER;https://img.uefa.com/imgml/TP/teams/logos/70x70/50037.png
53361;LEE;Leeds United;ENG;https://img.uefa.com/imgml/TP/teams/logos/70x70/53361.png
50153;OST;Östers IF;SWE;https://img.uefa.com/imgml/TP/teams/logos/70x70/50153.png
75209;PEZ;Enosis Pezoporikou Amol FC;CYP;https://img.uefa.com/imgml/TP/teams/logos/70x70/75209.png
52757;MON;VfL Borussia Mönchengladbach;GER;https://img.uefa.com/imgml/TP/teams/logos/70x70/52757.png
64138;B19;B 1903 København;DEN;https://img.uefa.com/imgml/TP/teams/logos/70x70/64138.png
50068;SPM;FC Spartak Moskva;RUS;https://img.uefa.com/imgml/TP/teams/logos/70x70/50068.png
59013;CAG;Cagliari Calcio;ITA;https://img.uefa.com/imgml/TP/teams/logos/70x70/59013.png
64156;KPV;KPV Kokkola;FIN;https://img.uefa.com/imgml/TP/teams/logos/70x70/64156.png
52268;VAL;Valencia CF;ESP;https://img.uefa.com/imgml/TP/teams/logos/70x70/52268.png
62245;COR;Cork Hibernians FC;IRL;https://img.uefa.com/imgml/TP/teams/logos/70x70/62245.png
54266;CSM;PFC CSKA Moskva;RUS;https://img.uefa.com/imgml/TP/teams/logos/70x70/54266.png
57485;STR;Strømsgodset IF;NOR;https://img.uefa.com/imgml/TP/teams/logos/70x70/57485.png
52280;ARS;Arsenal FC;ENG;https://img.uefa.com/imgml/TP/teams/logos/70x70/52280.png
52762;INN;FC Wacker Innsbruck;AUT;https://img.uefa.com/imgml/TP/teams/logos/70x70/52762.png
50106;DRE;1. FC Dynamo Dresden;GER;https://img.uefa.com/imgml/TP/teams/logos/70x70/50106.png
52748;MAR;Olympique de Marseille;FRA;https://img.uefa.com/imgml/TP/teams/logos/70x70/52748.png
52359;HAJ;HNK Hajduk Split;CRO;https://img.uefa.com/imgml/TP/teams/logos/70x70/52359.png
50135;AKR;ÍA Akranes;ISL;https://img.uefa.com/imgml/TP/teams/logos/70x70/50135.png
52761;MAG;1. FC Magdeburg;GER;https://img.uefa.com/imgml/TP/teams/logos/70x70/52761.png
53022;ARG;ACS Campionii FC Arges;ROU;https://img.uefa.com/imgml/TP/teams/logos/70x70/53022.png
52712;VEL;Vejle BK;DEN;https://img.uefa.com/imgml/TP/teams/logos/70x70/52712.png
52917;DER;Derby County FC;ENG;https://img.uefa.com/imgml/TP/teams/logos/70x70/52917.png
64381;ŽEL;FK Željezničar;BIH;https://img.uefa.com/imgml/TP/teams/logos/70x70/64381.png
50088;FRA;Fram Reykjavík;ISL;https://img.uefa.com/imgml/TP/teams/logos/70x70/50088.png
52992;CRU;Crusaders FC;NIR;https://img.uefa.com/imgml/TP/teams/logos/70x70/52992.png
65130;ZOR;FC Zorya Luhansk;UKR;https://img.uefa.com/imgml/TP/teams/logos/70x70/65130.png
52650;STA;KS Stal Mielec;POL;https://img.uefa.com/imgml/TP/teams/logos/70x70/52650.png
50072;FRA;Eintracht Frankfurt;GER;https://img.uefa.com/imgml/TP/teams/logos/70x70/50072.png
52350;KUP;KuPS Kuopio;FIN;https://img.uefa.com/imgml/TP/teams/logos/70x70/52350.png
50080;BAR;FC Barcelona;ESP;https://img.uefa.com/imgml/TP/teams/logos/70x70/50080.png
53004;LÓD;ŁKS Łódź;POL;https://img.uefa.com/imgml/TP/teams/logos/70x70/53004.png
50134;LIN;Linfield FC;NIR;https://img.uefa.com/imgml/TP/teams/logos/70x70/50134.png
50100;SEN;FK Senica;SVK;https://img.uefa.com/imgml/TP/teams/logos/70x70/50100.png
52692;FEN;Fenerbahçe SK;TUR;https://img.uefa.com/imgml/TP/teams/logos/70x70/52692.png
52957;CSE;Csepel SC;HUN;https://img.uefa.com/imgml/TP/teams/logos/70x70/52957.png
52227;VIC;FK Vorwärts Berlin;GER;https://img.uefa.com/imgml/TP/teams/logos/70x70/52227.png
64139;B19;B 1909 Odense;DEN;https://img.uefa.com/imgml/TP/teams/logos/70x70/64139.png
52332;SPA;Sparta Rotterdam;NED;https://img.uefa.com/imgml/TP/teams/logos/70x70/52332.png
64211;FRE;Fredrikstad FK;NOR;https://img.uefa.com/imgml/TP/teams/logos/70x70/64211.png
62243;LIM;Limerick FC;IRL;https://img.uefa.com/imgml/TP/teams/logos/70x70/62243.png
59878;HRA;FC Hradec Králové;CZE;https://img.uefa.com/imgml/TP/teams/logos/70x70/59878.png
64154;HIF;HIFK Helsinki;FIN;https://img.uefa.com/imgml/TP/teams/logos/70x70/64154.png
64259;IFK;IFK Malmö;SWE;https://img.uefa.com/imgml/TP/teams/logos/70x70/64259.png
50132;UJP;Újpest FC;HUN;https://img.uefa.com/imgml/TP/teams/logos/70x70/50132.png
8404;LIE;K. Lierse SK;BEL;https://img.uefa.com/imgml/TP/teams/logos/70x70/8404.png
52167;HSV;Hamburger SV;GER;https://img.uefa.com/imgml/TP/teams/logos/70x70/52167.png
50084;PAN;Panathinaikos FC;GRE;https://img.uefa.com/imgml/TP/teams/logos/70x70/50084.png
53354;BUR;Burnley FC;ENG;https://img.uefa.com/imgml/TP/teams/logos/70x70/53354.png
50108;NÜR;1. FC Nürnberg;GER;https://img.uefa.com/imgml/TP/teams/logos/70x70/50108.png
50023;MON;AS Monaco FC;FRA;https://img.uefa.com/imgml/TP/teams/logos/70x70/50023.png
52749;FEY;Feyenoord;NED;https://img.uefa.com/imgml/TP/teams/logos/70x70/52749.png
52640;HIB;Hibernians FC;MLT;https://img.uefa.com/imgml/TP/teams/logos/70x70/52640.png
52910;B19;B 1913 Odense;DEN;https://img.uefa.com/imgml/TP/teams/logos/70x70/52910.png
50063;GOR;Górnik Zabrze;POL;https://img.uefa.com/imgml/TP/teams/logos/70x70/50063.png
1652;TOT;Tottenham Hotspur;ENG;https://img.uefa.com/imgml/TP/teams/logos/70x70/1652.png
50110;AUS;FK Austria Wien;AUT;https://img.uefa.com/imgml/TP/teams/logos/70x70/50110.png
52802;HAK;Valkeakosken Haka;FIN;https://img.uefa.com/imgml/TP/teams/logos/70x70/52802.png
52876;PAR;FK Partizani;ALB;https://img.uefa.com/imgml/TP/teams/logos/70x70/52876.png
64140;ESB;Esbjerg fB;DEN;https://img.uefa.com/imgml/TP/teams/logos/70x70/64140.png
53033;DUN;Dundee FC;SCO;https://img.uefa.com/imgml/TP/teams/logos/70x70/53033.png
50018;KÖL;1. FC Köln;GER;https://img.uefa.com/imgml/TP/teams/logos/70x70/50018.png
50140;USL;US Luxembourg;LUX;https://img.uefa.com/imgml/TP/teams/logos/70x70/50140.png
50092;FLO;Floriana FC;MLT;https://img.uefa.com/imgml/TP/teams/logos/70x70/50092.png
62301;IPS;Ipswich Town FC;ENG;https://img.uefa.com/imgml/TP/teams/logos/70x70/62301.png
53020;SHE;Shelbourne FC;IRL;https://img.uefa.com/imgml/TP/teams/logos/70x70/53020.png
64215;LYN;FK Lyn;NOR;https://img.uefa.com/imgml/TP/teams/logos/70x70/64215.png
52897;ANO;Anorthosis Famagusta FC;CYP;https://img.uefa.com/imgml/TP/teams/logos/70x70/52897.png
59867;PLO;FC Spartak Plovdiv;BUL;https://img.uefa.com/imgml/TP/teams/logos/70x70/59867.png
52298;FEN;Ferencvárosi TC;HUN;https://img.uefa.com/imgml/TP/teams/logos/70x70/52298.png
50055;DUN;Dundalk FC;IRL;https://img.uefa.com/imgml/TP/teams/logos/70x70/50055.png
51150;FCZ;FC Zürich;SUI;https://img.uefa.com/imgml/TP/teams/logos/70x70/51150.png
52641;VAL;Valletta FC;MLT;https://img.uefa.com/imgml/TP/teams/logos/70x70/52641.png
50129;AEK;AEK Athens FC;GRE;https://img.uefa.com/imgml/TP/teams/logos/70x70/50129.png
50071;JEN;FC Carl Zeiss Jena;GER;https://img.uefa.com/imgml/TP/teams/logos/70x70/50071.png
52281;EVE;Everton FC;ENG;https://img.uefa.com/imgml/TP/teams/logos/70x70/52281.png
50138;INT;FC Internazionale Milano;ITA;https://img.uefa.com/imgml/TP/teams/logos/70x70/50138.png
52993;LIS;Lisburn Distillery FC;NIR;https://img.uefa.com/imgml/TP/teams/logos/70x70/52993.png
52307;REY;KR Reykjavík;ISL;https://img.uefa.com/imgml/TP/teams/logos/70x70/52307.png
7889;LIV;Liverpool FC;ENG;https://img.uefa.com/imgml/TP/teams/logos/70x70/7889.png
75182;SAC;FC Sachsen Leipzig;GER;https://img.uefa.com/imgml/TP/teams/logos/70x70/75182.png
52287;ETO;Győri ETO FC;HUN;https://img.uefa.com/imgml/TP/teams/logos/70x70/52287.png
52926;REI;FC Reipas;FIN;https://img.uefa.com/imgml/TP/teams/logos/70x70/52926.png
64263;CHA;FC La Chaux-de-Fonds;SUI;https://img.uefa.com/imgml/TP/teams/logos/70x70/64263.png
52969;BOL;Bologna FC;ITA;https://img.uefa.com/imgml/TP/teams/logos/70x70/52969.png
52891;LOK;FC Lokomotiv Sofia 1929;BUL;https://img.uefa.com/imgml/TP/teams/logos/70x70/52891.png
50152;MAL;Malmö FF;SWE;https://img.uefa.com/imgml/TP/teams/logos/70x70/50152.png
50141;SLI;Sliema Wanderers FC;MLT;https://img.uefa.com/imgml/TP/teams/logos/70x70/50141.png
52310;ARI;FC Aris Bonnevoie;LUX;https://img.uefa.com/imgml/TP/teams/logos/70x70/52310.png
50056;GLE;Glentoran FC;NIR;https://img.uefa.com/imgml/TP/teams/logos/70x70/50056.png
64205;AMS;FC Amsterdam;NED;https://img.uefa.com/imgml/TP/teams/logos/70x70/64205.png
59328;KEF;Keflavík;ISL;https://img.uefa.com/imgml/TP/teams/logos/70x70/59328.png
50086;DER;Derry City FC;IRL;https://img.uefa.com/imgml/TP/teams/logos/70x70/50086.png
50049;TIR;KF Tirana;ALB;https://img.uefa.com/imgml/TP/teams/logos/70x70/50049.png
62178;KIL;Kilmarnock FC;SCO;https://img.uefa.com/imgml/TP/teams/logos/70x70/62178.png
50149;SPO;Sporting Clube de Portugal;POR;https://img.uefa.com/imgml/TP/teams/logos/70x70/50149.png
50162;PAR;FK Partizan;SRB;https://img.uefa.com/imgml/TP/teams/logos/70x70/50162.png
52815;MTK;MTK Budapest;HUN;https://img.uefa.com/imgml/TP/teams/logos/70x70/52815.png
50074;AND;RSC Anderlecht;BEL;https://img.uefa.com/imgml/TP/teams/logos/70x70/50074.png
50008;SER;Servette FC;SUI;https://img.uefa.com/imgml/TP/teams/logos/70x70/50008.png
50051;RMA;Real Madrid CF;ESP;https://img.uefa.com/imgml/TP/teams/logos/70x70/50051.png
65175;ESS;SC Rot-Weiss Essen;GER;https://img.uefa.com/imgml/TP/teams/logos/70x70/65175.png
52821;HIB;Hibernian FC;SCO;https://img.uefa.com/imgml/TP/teams/logos/70x70/52821.png
52809;DJU;Djurgårdens IF;SWE;https://img.uefa.com/imgml/TP/teams/logos/70x70/52809.png
64220;GWA;Gwardia Warszawa;POL;https://img.uefa.com/imgml/TP/teams/logos/70x70/64220.png
50042;RW;SK Rapid Wien;AUT;https://img.uefa.com/imgml/TP/teams/logos/70x70/50042.png
50062;PSV;PSV Eindhoven;NED;https://img.uefa.com/imgml/TP/teams/logos/70x70/50062.png
50019;AGF;AGF Aarhus;DEN;https://img.uefa.com/imgml/TP/teams/logos/70x70/50019.png
64165;REI;Stade de Reims;FRA;https://img.uefa.com/imgml/TP/teams/logos/70x70/64165.png
50058;MIL;AC Milan;ITA;https://img.uefa.com/imgml/TP/teams/logos/70x70/50058.png
65170;SAA;1. FC Saarbrücken;GER;https://img.uefa.com/imgml/TP/teams/logos/70x70/65170.png
52758;DOR;Borussia Dortmund;GER;https://img.uefa.com/imgml/TP/teams/logos/70x70/52758.png
52804;SPO;CA Spora Luxembourg;LUX;https://img.uefa.com/imgml/TP/teams/logos/70x70/52804.png
50098;DB;FC Dinamo Bucureşti;ROU;https://img.uefa.com/imgml/TP/teams/logos/70x70/50098.png
50067;GAL;Galatasaray AŞ;TUR;https://img.uefa.com/imgml/TP/teams/logos/70x70/50067.png
52682;MUN;Manchester United;ENG;https://img.uefa.com/imgml/TP/teams/logos/70x70/52682.png
52797;SLO;ŠK Slovan Bratislava;SVK;https://img.uefa.com/imgml/TP/teams/logos/70x70/52797.png
50146;LEG;Legia Warszawa;POL;https://img.uefa.com/imgml/TP/teams/logos/70x70/50146.png
52355;NIC;OGC Nice;FRA;https://img.uefa.com/imgml/TP/teams/logos/70x70/52355.png
50064;POR;FC Porto;POR;https://img.uefa.com/imgml/TP/teams/logos/70x70/50064.png
50125;ATH;Athletic Club;ESP;https://img.uefa.com/imgml/TP/teams/logos/70x70/50125.png
50076;CSS;PFC CSKA Sofia;BUL;https://img.uefa.com/imgml/TP/teams/logos/70x70/50076.png
50004;GCZ;Grasshopper Club Zürich;SUI;https://img.uefa.com/imgml/TP/teams/logos/70x70/50004.png
50061;MOS;Moss FK;NOR;https://img.uefa.com/imgml/TP/teams/logos/70x70/50061.png
50075;MEC;KV Mechelen;BEL;https://img.uefa.com/imgml/TP/teams/logos/70x70/50075.png
52808;LUZ;FC Luzern;SUI;https://img.uefa.com/imgml/TP/teams/logos/70x70/52808.png
50133;STP;Saint Patrick's Athletic FC;IRL;https://img.uefa.com/imgml/TP/teams/logos/70x70/50133.png
52996;POR;Portadown FC;NIR;https://img.uefa.com/imgml/TP/teams/logos/70x70/52996.png
52966;AKU;KA Akureyri;ISL;https://img.uefa.com/imgml/TP/teams/logos/70x70/52966.png
3695;KAI;1. FC Kaiserslautern;GER;https://img.uefa.com/imgml/TP/teams/logos/70x70/3695.png
52889;ETA;FC Etar VT;BUL;https://img.uefa.com/imgml/TP/teams/logos/70x70/52889.png
52741;APO;Apollon Limassol FC;CYP;https://img.uefa.com/imgml/TP/teams/logos/70x70/52741.png
53007;ZAG;Zagłębie Lubin;POL;https://img.uefa.com/imgml/TP/teams/logos/70x70/53007.png
50070;FLA;KS Flamurtari;ALB;https://img.uefa.com/imgml/TP/teams/logos/70x70/50070.png
50089;SAM;UC Sampdoria;ITA;https://img.uefa.com/imgml/TP/teams/logos/70x70/50089.png
52793;HAN;FC Hansa Rostock;GER;https://img.uefa.com/imgml/TP/teams/logos/70x70/52793.png
57475;KLA;KÍ Klaksvík;FRO;https://img.uefa.com/imgml/TP/teams/logos/70x70/57475.png
57479;SKO;Skonto FC;LVA;https://img.uefa.com/imgml/TP/teams/logos/70x70/57479.png
57477;MTA;Maccabi Tel-Aviv FC;ISR;https://img.uefa.com/imgml/TP/teams/logos/70x70/57477.png
53081;OLI;NK Olimpija Ljubljana;SVN;https://img.uefa.com/imgml/TP/teams/logos/70x70/53081.png
57470;NOR;FC Norma Tallinn;EST;https://img.uefa.com/imgml/TP/teams/logos/70x70/57470.png
57489;TAV;SC Tavriya Simferopol;UKR;https://img.uefa.com/imgml/TP/teams/logos/70x70/57489.png
52824;SIO;FC Sion;SUI;https://img.uefa.com/imgml/TP/teams/logos/70x70/52824.png
2602334;ZAL;FK Žalgiris Vilnius;LTU;https://img.uefa.com/imgml/TP/teams/logos/70x70/2602334.png
59035;EKR;FK Ekranas;LTU;https://img.uefa.com/imgml/TP/teams/logos/70x70/59035.png
59036;ZIM;FC Zimbru Chisinau;MDA;https://img.uefa.com/imgml/TP/teams/logos/70x70/59036.png
59034;JER;Beitar Jerusalem FC;ISR;https://img.uefa.com/imgml/TP/teams/logos/70x70/59034.png
50035;AAR;FC Aarau;SUI;https://img.uefa.com/imgml/TP/teams/logos/70x70/50035.png
59033;B68;B68 Toftir;FRO;https://img.uefa.com/imgml/TP/teams/logos/70x70/59033.png
59011;CWM;Cwmbran Town FC;WAL;https://img.uefa.com/imgml/TP/teams/logos/70x70/59011.png
52803;COR;Cork City FC;IRL;https://img.uefa.com/imgml/TP/teams/logos/70x70/52803.png
52341;AIK;AIK;SWE;https://img.uefa.com/imgml/TP/teams/logos/70x70/52341.png
52709;CPH;F.C. Copenhagen;DEN;https://img.uefa.com/imgml/TP/teams/logos/70x70/52709.png
59045;MHA;Maccabi Haifa FC;ISR;https://img.uefa.com/imgml/TP/teams/logos/70x70/59045.png
50030;SAL;FC Salzburg;AUT;https://img.uefa.com/imgml/TP/teams/logos/70x70/50030.png
52912;SIL;Silkeborg IF;DEN;https://img.uefa.com/imgml/TP/teams/logos/70x70/52912.png
52961;VÁC;Váci FC;HUN;https://img.uefa.com/imgml/TP/teams/logos/70x70/52961.png
54186;AAL;Aalborg BK;DEN;https://img.uefa.com/imgml/TP/teams/logos/70x70/54186.png
53344;BLA;Blackburn Rovers FC;ENG;https://img.uefa.com/imgml/TP/teams/logos/70x70/53344.png
52498;SLP;SK Slavia Praha;CZE;https://img.uefa.com/imgml/TP/teams/logos/70x70/52498.png
59043;ALA;FC Alania Vladikavkaz;RUS;https://img.uefa.com/imgml/TP/teams/logos/70x70/59043.png
52269;AJA;AJ Auxerre;FRA;https://img.uefa.com/imgml/TP/teams/logos/70x70/52269.png
59890;NEF;Neftçi PFK;AZE;https://img.uefa.com/imgml/TP/teams/logos/70x70/59890.png
60602;KIL;FC Kilikia;ARM;https://img.uefa.com/imgml/TP/teams/logos/70x70/60602.png
59029;KOS;MFK Košice;SVK;https://img.uefa.com/imgml/TP/teams/logos/70x70/59029.png
59882;LAN;FC Lantana;EST;https://img.uefa.com/imgml/TP/teams/logos/70x70/59882.png
59327;JAZ;FC Jazz;FIN;https://img.uefa.com/imgml/TP/teams/logos/70x70/59327.png
60610;KAR;FK Kareda;LTU;https://img.uefa.com/imgml/TP/teams/logos/70x70/60610.png
59871;SIL;FK Sileks;MKD;https://img.uefa.com/imgml/TP/teams/logos/70x70/59871.png
53069;BAR;Barry Town AFC;WAL;https://img.uefa.com/imgml/TP/teams/logos/70x70/53069.png
60611;TIR;FC Tiraspol;MDA;https://img.uefa.com/imgml/TP/teams/logos/70x70/60611.png
60605;MOZ;FC Slavia-Mozyr;BLR;https://img.uefa.com/imgml/TP/teams/logos/70x70/60605.png
59325;Vik;Víkingur;FRO;https://img.uefa.com/imgml/TP/teams/logos/70x70/59325.png
57490;MBR;NK Maribor;SVN;https://img.uefa.com/imgml/TP/teams/logos/70x70/57490.png
50109;LEV;Bayer 04 Leverkusen;GER;https://img.uefa.com/imgml/TP/teams/logos/70x70/50109.png
54262;PAR;Parma FC;ITA;https://img.uefa.com/imgml/TP/teams/logos/70x70/54262.png
59324;NEW;Newcastle United FC;ENG;https://img.uefa.com/imgml/TP/teams/logos/70x70/59324.png
59874;OBI;FK Obilic;SRB;https://img.uefa.com/imgml/TP/teams/logos/70x70/59874.png
57476;B36;B36 Tórshavn;FRO;https://img.uefa.com/imgml/TP/teams/logos/70x70/57476.png
62182;YER;FC Yerevan;ARM;https://img.uefa.com/imgml/TP/teams/logos/70x70/62182.png
59889;KAP;Käpäz PFK;AZE;https://img.uefa.com/imgml/TP/teams/logos/70x70/59889.png
59341;FLO;FC Flora Tallinn;EST;https://img.uefa.com/imgml/TP/teams/logos/70x70/59341.png
64126;LTX;PFC Litex Lovech;BUL;https://img.uefa.com/imgml/TP/teams/logos/70x70/64126.png
52991;CLI;Cliftonville FC;NIR;https://img.uefa.com/imgml/TP/teams/logos/70x70/52991.png
50083;MET;FC Metz;FRA;https://img.uefa.com/imgml/TP/teams/logos/70x70/50083.png
50111;STU;SK Sturm Graz;AUT;https://img.uefa.com/imgml/TP/teams/logos/70x70/50111.png
52277;LEN;RC Lens;FRA;https://img.uefa.com/imgml/TP/teams/logos/70x70/52277.png
64363;ARA;FC Araks Ararat;ARM;https://img.uefa.com/imgml/TP/teams/logos/70x70/64363.png
60474;SLO;FK Sloga Jugomagnat;MKD;https://img.uefa.com/imgml/TP/teams/logos/70x70/60474.png
50121;RAN;Rangers FC;SCO;https://img.uefa.com/imgml/TP/teams/logos/70x70/50121.png
78236;RAP;Rapid JC;NED;https://img.uefa.com/imgml/TP/teams/logos/70x70/78236.png
50069;ZVE;FK Crvena zvezda;SRB;https://img.uefa.com/imgml/TP/teams/logos/70x70/50069.png
52817;FIO;ACF Fiorentina;ITA;https://img.uefa.com/imgml/TP/teams/logos/70x70/52817.png
50099;NOR;IFK Norrköping FK;SWE;https://img.uefa.com/imgml/TP/teams/logos/70x70/50099.png
50054;HON;Budapest Honvéd FC;HUN;https://img.uefa.com/imgml/TP/teams/logos/70x70/50054.png
52962;VAS;Vasas FC;HUN;https://img.uefa.com/imgml/TP/teams/logos/70x70/52962.png
50022;STE;AS Saint-Étienne;FRA;https://img.uefa.com/imgml/TP/teams/logos/70x70/50022.png
59028;DUD;F91 Diddeleng;LUX;https://img.uefa.com/imgml/TP/teams/logos/70x70/59028.png
50087;GLE;Glenavon FC;NIR;https://img.uefa.com/imgml/TP/teams/logos/70x70/50087.png
52944;AUE;FC Wismut Aue;GER;https://img.uefa.com/imgml/TP/teams/logos/70x70/52944.png
52714;SEV;Sevilla FC;ESP;https://img.uefa.com/imgml/TP/teams/logos/70x70/52714.png
50147;BEN;SL Benfica;POR;https://img.uefa.com/imgml/TP/teams/logos/70x70/50147.png
52381;SHA;Shamrock Rovers FC;IRL;https://img.uefa.com/imgml/TP/teams/logos/70x70/52381.png
50113;ANT;Royal Antwerp FC;BEL;https://img.uefa.com/imgml/TP/teams/logos/70x70/50113.png
50143;AJX;AFC Ajax;NED;https://img.uefa.com/imgml/TP/teams/logos/70x70/50143.png
50031;YB;BSC Young Boys;SUI;https://img.uefa.com/imgml/TP/teams/logos/70x70/50031.png
2600880;DUK;FK Dukla Praha;CZE;https://img.uefa.com/imgml/TP/teams/logos/70x70/2600880.png
50065;SB;FCSB;ROU;https://img.uefa.com/imgml/TP/teams/logos/70x70/50065.png
52232;KB;Kjøbenhavns BK;DEN;https://img.uefa.com/imgml/TP/teams/logos/70x70/52232.png
57388;SCH;FC Schalke 04;GER;https://img.uefa.com/imgml/TP/teams/logos/70x70/57388.png
50157;BES;Beşiktaş JK;TUR;https://img.uefa.com/imgml/TP/teams/logos/70x70/50157.png
2610;OLY;Olympiacos FC;GRE;https://img.uefa.com/imgml/TP/teams/logos/70x70/2610.png
52165;STD;R. Standard de Liège;BEL;https://img.uefa.com/imgml/TP/teams/logos/70x70/52165.png
50120;HEA;Heart of Midlothian FC;SCO;https://img.uefa.com/imgml/TP/teams/logos/70x70/50120.png
50164;DZG;GNK Dinamo Zagreb;CRO;https://img.uefa.com/imgml/TP/teams/logos/70x70/50164.png
50059;JEU;AS Jeunesse Esch;LUX;https://img.uefa.com/imgml/TP/teams/logos/70x70/50059.png
50066;IFK;IFK Göteborg;SWE;https://img.uefa.com/imgml/TP/teams/logos/70x70/50066.png
50124;ATM;Club Atlético de Madrid;ESP;https://img.uefa.com/imgml/TP/teams/logos/70x70/50124.png
62240;DUB;Dublin City FC;IRL;https://img.uefa.com/imgml/TP/teams/logos/70x70/62240.png
53030;PET;FC Petrolul Ploieşti;ROU;https://img.uefa.com/imgml/TP/teams/logos/70x70/53030.png
64218;POL;KS Polonia Bytom;POL;https://img.uefa.com/imgml/TP/teams/logos/70x70/64218.png
52988;ARD;Ards FC;NIR;https://img.uefa.com/imgml/TP/teams/logos/70x70/52988.png
50139;JUV;Juventus;ITA;https://img.uefa.com/imgml/TP/teams/logos/70x70/50139.png
50024;WIE;Wiener SC;AUT;https://img.uefa.com/imgml/TP/teams/logos/70x70/50024.png
64210;DOS;VV DOS;NED;https://img.uefa.com/imgml/TP/teams/logos/70x70/64210.png
53357;WOL;Wolverhampton Wanderers FC;ENG;https://img.uefa.com/imgml/TP/teams/logos/70x70/53357.png
64155;HPS;HPS Helsinki;FIN;https://img.uefa.com/imgml/TP/teams/logos/70x70/64155.png
52265;BET;Real Betis Balompié;ESP;https://img.uefa.com/imgml/TP/teams/logos/70x70/52265.png
51310;UDI;Udinese Calcio;ITA;https://img.uefa.com/imgml/TP/teams/logos/70x70/51310.png
64470;SIO;FC Sioni Bolnisi;GEO;https://img.uefa.com/imgml/TP/teams/logos/70x70/64470.png
68201;BAK;Bakı FK;AZE;https://img.uefa.com/imgml/TP/teams/logos/70x70/68201.png
70208;TVM;FC TVMK Tallinn;EST;https://img.uefa.com/imgml/TP/teams/logos/70x70/70208.png
59012;MYP;Myllykosken Pallo -47;FIN;https://img.uefa.com/imgml/TP/teams/logos/70x70/59012.png
59881;MET;SK Liepājas Metalurgs;LVA;https://img.uefa.com/imgml/TP/teams/logos/70x70/59881.png
79973;AKT;FC Aktobe;KAZ;https://img.uefa.com/imgml/TP/teams/logos/70x70/79973.png
64375;SHA;FC Shakhtyor Soligorsk;BLR;https://img.uefa.com/imgml/TP/teams/logos/70x70/64375.png
64319;RUZ;MFK Ružomberok;SVK;https://img.uefa.com/imgml/TP/teams/logos/70x70/64319.png
88134;MLA;FK Mladá Boleslav;CZE;https://img.uefa.com/imgml/TP/teams/logos/70x70/88134.png
77904;CHI;AC Chievo Verona;ITA;https://img.uefa.com/imgml/TP/teams/logos/70x70/77904.png
53042;OSA;CA Osasuna;ESP;https://img.uefa.com/imgml/TP/teams/logos/70x70/53042.png
61616;OLI;FC Metalurgi Rustavi;GEO;https://img.uefa.com/imgml/TP/teams/logos/70x70/61616.png
88567;KH ;Xäzär Länkäran FK;AZE;https://img.uefa.com/imgml/TP/teams/logos/70x70/88567.png
64359;VEN;FK Ventspils;LVA;https://img.uefa.com/imgml/TP/teams/logos/70x70/64359.png
75834;ZET;FK Zeta;MNE;https://img.uefa.com/imgml/TP/teams/logos/70x70/75834.png
52344;ELF;IF Elfsborg;SWE;https://img.uefa.com/imgml/TP/teams/logos/70x70/52344.png
64511;MUR;SS Murata;SMR;https://img.uefa.com/imgml/TP/teams/logos/70x70/64511.png
78063;RAN;Rànger's FC;AND;https://img.uefa.com/imgml/TP/teams/logos/70x70/78063.png
79948;MAR;Marsaxlokk FC;MLT;https://img.uefa.com/imgml/TP/teams/logos/70x70/79948.png
70690;DOM;NK Domžale;SVN;https://img.uefa.com/imgml/TP/teams/logos/70x70/70690.png
52934;TOU;Toulouse FC;FRA;https://img.uefa.com/imgml/TP/teams/logos/70x70/52934.png
74072;KES;Keşla FK;AZE;https://img.uefa.com/imgml/TP/teams/logos/70x70/74072.png
53078;POD;FK Budućnost Podgorica;MNE;https://img.uefa.com/imgml/TP/teams/logos/70x70/53078.png
73932;LLA;Llanelli AFC;WAL;https://img.uefa.com/imgml/TP/teams/logos/70x70/73932.png
77882;MOD;FK Modriča;BIH;https://img.uefa.com/imgml/TP/teams/logos/70x70/77882.png
62180;SAN;FC Santa Coloma;AND;https://img.uefa.com/imgml/TP/teams/logos/70x70/62180.png
64150;NSÍ;NSÍ Runavík;FRO;https://img.uefa.com/imgml/TP/teams/logos/70x70/64150.png
52378;DRO;Drogheda United FC;IRL;https://img.uefa.com/imgml/TP/teams/logos/70x70/52378.png
52818;TWE;FC Twente;NED;https://img.uefa.com/imgml/TP/teams/logos/70x70/52818.png
50097;GUI;Vitória SC;POR;https://img.uefa.com/imgml/TP/teams/logos/70x70/50097.png
88131;CLJ;CFR 1907 Cluj;ROU;https://img.uefa.com/imgml/TP/teams/logos/70x70/88131.png
71802;MOG;FK Mogren;MNE;https://img.uefa.com/imgml/TP/teams/logos/70x70/71802.png
64514;TRE;SP Tre Fiori;SMR;https://img.uefa.com/imgml/TP/teams/logos/70x70/64514.png
63399;SJU;UE Sant Julià;AND;https://img.uefa.com/imgml/TP/teams/logos/70x70/63399.png
64395;MAK;FK Makedonija GP Skopje;MKD;https://img.uefa.com/imgml/TP/teams/logos/70x70/64395.png
77483;EBS;EB/Streymur;FRO;https://img.uefa.com/imgml/TP/teams/logos/70x70/77483.png
64161;TUR;FC Inter Turku;FIN;https://img.uefa.com/imgml/TP/teams/logos/70x70/64161.png
61584;STA;Stabæk Fotball;NOR;https://img.uefa.com/imgml/TP/teams/logos/70x70/61584.png
54187;KAL;Kalmar FF;SWE;https://img.uefa.com/imgml/TP/teams/logos/70x70/54187.png
89728;SIV;Sivasspor;TUR;https://img.uefa.com/imgml/TP/teams/logos/70x70/89728.png
53031;TIM;FC Timişoara;ROU;https://img.uefa.com/imgml/TP/teams/logos/70x70/53031.png
52704;DM;FC Dynamo Moscow;RUS;https://img.uefa.com/imgml/TP/teams/logos/70x70/52704.png
64332;WOB;VfL Wolfsburg;GER;https://img.uefa.com/imgml/TP/teams/logos/70x70/64332.png
82818;RUB;FC Rubin;RUS;https://img.uefa.com/imgml/TP/teams/logos/70x70/82818.png
92507;URZ;FC Unirea Urziceni;ROU;https://img.uefa.com/imgml/TP/teams/logos/70x70/92507.png
77927;RUD;FK Rudar Pljevlja;MNE;https://img.uefa.com/imgml/TP/teams/logos/70x70/77927.png
89708;REN;KF Renova;MKD;https://img.uefa.com/imgml/TP/teams/logos/70x70/89708.png
69617;KOP;FC Koper;SVN;https://img.uefa.com/imgml/TP/teams/logos/70x70/69617.png
4608;GNT;KAA Gent;BEL;https://img.uefa.com/imgml/TP/teams/logos/70x70/4608.png
52336;BRA;SC Braga;POR;https://img.uefa.com/imgml/TP/teams/logos/70x70/52336.png
52695;BUR;Bursaspor;TUR;https://img.uefa.com/imgml/TP/teams/logos/70x70/52695.png
64388;PLZ;FC Viktoria Plzeň;CZE;https://img.uefa.com/imgml/TP/teams/logos/70x70/64388.png
79969;TOB;FC Tobol Kostanay;KAZ;https://img.uefa.com/imgml/TP/teams/logos/70x70/79969.png
88347;ZES;FC Zestafoni;GEO;https://img.uefa.com/imgml/TP/teams/logos/70x70/88347.png
79949;DAC;FC Dacia Chisinau;MDA;https://img.uefa.com/imgml/TP/teams/logos/70x70/79949.png
50104;BAN;FK Borac Banja Luka;BIH;https://img.uefa.com/imgml/TP/teams/logos/70x70/50104.png
53068;BAN;Bangor City FC;WAL;https://img.uefa.com/imgml/TP/teams/logos/70x70/53068.png
64114;SKË;KF Skënderbeu;ALB;https://img.uefa.com/imgml/TP/teams/logos/70x70/64114.png
52288;FEH;Fehérvár FC;HUN;https://img.uefa.com/imgml/TP/teams/logos/70x70/52288.png
75807;SHK;KF Shkëndija;MKD;https://img.uefa.com/imgml/TP/teams/logos/70x70/75807.png
71235;BRE;Breidablik;ISL;https://img.uefa.com/imgml/TP/teams/logos/70x70/71235.png
89719;VSL;FC Vaslui;ROU;https://img.uefa.com/imgml/TP/teams/logos/70x70/89719.png
50151;OTE;FC Oţelul Galaţi;ROU;https://img.uefa.com/imgml/TP/teams/logos/70x70/50151.png
64515;TRE;SP Tre Penne;SMR;https://img.uefa.com/imgml/TP/teams/logos/70x70/64515.png
